{"entities":{"pages":{"C":{"id":"C","title":"C#","url":"c.html","level":0,"pages":["Introduction \u0026 Environment Setup","C-NET-Basics","Object-Oriented-Programing","Exception-Handling","Collections-in-C","Generic-Collections","File-Handling","Asynchronous-Programming","AutoMapper","Lambda-Expressions","LINQ"],"tabIndex":0},"Introduction \u0026 Environment Setup":{"id":"Introduction \u0026 Environment Setup","title":"Introduction \u0026 Environment Setup","url":"introduction-environment-setup.html","level":1,"parentId":"C","pages":["Introduction to C# Programming Language","How to Download and Install Visual Studio on Windows","Creating-First-Console-Application-using-Visual-Studio"],"tabIndex":0},"Introduction to C# Programming Language":{"id":"Introduction to C# Programming Language","title":"Introduction to C# Programming Language","url":"introduction-to-c-programming-language.html","level":2,"parentId":"Introduction \u0026 Environment Setup","tabIndex":0},"How to Download and Install Visual Studio on Windows":{"id":"How to Download and Install Visual Studio on Windows","title":"How to Download and Install Visual Studio on Windows","url":"how-to-download-and-install-visual-studio-on-windows.html","level":2,"parentId":"Introduction \u0026 Environment Setup","tabIndex":1},"Creating-First-Console-Application-using-Visual-Studio":{"id":"Creating-First-Console-Application-using-Visual-Studio","title":"Creating First Console Application using Visual Studio","url":"creating-first-console-application-using-visual-studio.html","level":2,"parentId":"Introduction \u0026 Environment Setup","tabIndex":2},"C-NET-Basics":{"id":"C-NET-Basics","title":"C#.NET Basics","url":"c-net-basics.html","level":1,"parentId":"C","pages":["Methods-and-Properties-of-Console-Class-in-C","Var-Keyword-in-C","Const-Keyword-in-C","Data-Types-in-C","Type-Casting-in-C","Variables-in-C","Operators-in-C","Control-Flow-Statements-in-C","Functions-in-C"],"tabIndex":1},"Methods-and-Properties-of-Console-Class-in-C":{"id":"Methods-and-Properties-of-Console-Class-in-C","title":"Methods and Properties of Console Class in C#","url":"methods-and-properties-of-console-class-in-c.html","level":2,"parentId":"C-NET-Basics","tabIndex":0},"Var-Keyword-in-C":{"id":"Var-Keyword-in-C","title":"Var Keyword in C#","url":"var-keyword-in-c.html","level":2,"parentId":"C-NET-Basics","tabIndex":1},"Const-Keyword-in-C":{"id":"Const-Keyword-in-C","title":"Const Keyword in C#","url":"const-keyword-in-c.html","level":2,"parentId":"C-NET-Basics","tabIndex":2},"Data-Types-in-C":{"id":"Data-Types-in-C","title":"Data Types in C#","url":"data-types-in-c.html","level":2,"parentId":"C-NET-Basics","pages":["Value-Data-Types-in-C","Reference-Data-Types","Pointer-Data-Type"],"tabIndex":3},"Value-Data-Types-in-C":{"id":"Value-Data-Types-in-C","title":"Value Data Types in C#","url":"value-data-types-in-c.html","level":3,"parentId":"Data-Types-in-C","pages":["Predefined-Data-types","User-Defined-Data-Type"],"tabIndex":0},"Predefined-Data-types":{"id":"Predefined-Data-types","title":"Predefined Data types","url":"predefined-data-types.html","level":4,"parentId":"Value-Data-Types-in-C","pages":["Numeric-Numbers-with-Decimal-Single-Double-Decimal","Integers-Data-types","char-data-type-in-C","Byte-Data-Type-in-C","Boolean-Data-Type"],"tabIndex":0},"Numeric-Numbers-with-Decimal-Single-Double-Decimal":{"id":"Numeric-Numbers-with-Decimal-Single-Double-Decimal","title":"Numeric Numbers with Decimal (Single, Double, Decimal)","url":"numeric-numbers-with-decimal-single-double-decimal.html","level":5,"parentId":"Predefined-Data-types","tabIndex":0},"Integers-Data-types":{"id":"Integers-Data-types","title":"Integers Data types (Numbers without Decimal)","url":"integers-data-types.html","level":5,"parentId":"Predefined-Data-types","tabIndex":1},"char-data-type-in-C":{"id":"char-data-type-in-C","title":"Char Data Type","url":"char-data-type-in-c.html","level":5,"parentId":"Predefined-Data-types","tabIndex":2},"Byte-Data-Type-in-C":{"id":"Byte-Data-Type-in-C","title":"Byte Data Type","url":"byte-data-type-in-c.html","level":5,"parentId":"Predefined-Data-types","tabIndex":3},"Boolean-Data-Type":{"id":"Boolean-Data-Type","title":"Boolean Data Type","url":"boolean-data-type.html","level":5,"parentId":"Predefined-Data-types","tabIndex":4},"User-Defined-Data-Type":{"id":"User-Defined-Data-Type","title":"User Defined Data Type","url":"user-defined-data-type.html","level":4,"parentId":"Value-Data-Types-in-C","tabIndex":1},"Reference-Data-Types":{"id":"Reference-Data-Types","title":"Reference Data Types","url":"reference-data-types.html","level":3,"parentId":"Data-Types-in-C","tabIndex":1},"Pointer-Data-Type":{"id":"Pointer-Data-Type","title":"Pointer Data Type","url":"pointer-data-type.html","level":3,"parentId":"Data-Types-in-C","tabIndex":2},"Type-Casting-in-C":{"id":"Type-Casting-in-C","title":"Type Casting in C#","url":"type-casting-in-c.html","level":2,"parentId":"C-NET-Basics","tabIndex":4},"Variables-in-C":{"id":"Variables-in-C","title":"Variables in C#","url":"variables-in-c.html","level":2,"parentId":"C-NET-Basics","tabIndex":5},"Operators-in-C":{"id":"Operators-in-C","title":"Operators in C#","url":"operators-in-c.html","level":2,"parentId":"C-NET-Basics","tabIndex":6},"Control-Flow-Statements-in-C":{"id":"Control-Flow-Statements-in-C","title":"Control Flow Statements in C#","url":"control-flow-statements-in-c.html","level":2,"parentId":"C-NET-Basics","tabIndex":7},"Functions-in-C":{"id":"Functions-in-C","title":"Functions in C#","url":"functions-in-c.html","level":2,"parentId":"C-NET-Basics","tabIndex":8},"Object-Oriented-Programing":{"id":"Object-Oriented-Programing","title":"Object-Oriented Programing","url":"object-oriented-programing.html","level":1,"parentId":"C","pages":["Class-Objects","Constructors-in-C","Access-Specifiers","OOP-Pillars-Encapsulation","OOP-Pillars-Inheritance","OOP-Pillars-Abstraction","Application-Development-Process","Interface-in-C","OOP-Principles-Polymorphism","OOP-Real-Time-Examples","OOP-Real-Time-Exercise-Schenarios"],"tabIndex":2},"Class-Objects":{"id":"Class-Objects","title":"Class \u0026 Objects","url":"class-objects.html","level":2,"parentId":"Object-Oriented-Programing","tabIndex":0},"Constructors-in-C":{"id":"Constructors-in-C","title":"Constructors in C#","url":"constructors-in-c.html","level":2,"parentId":"Object-Oriented-Programing","tabIndex":1},"Access-Specifiers":{"id":"Access-Specifiers","title":"Access Specifiers","url":"access-specifiers.html","level":2,"parentId":"Object-Oriented-Programing","tabIndex":2},"OOP-Pillars-Encapsulation":{"id":"OOP-Pillars-Encapsulation","title":"OOP Principles: Encapsulation","url":"oop-pillars-encapsulation.html","level":2,"parentId":"Object-Oriented-Programing","tabIndex":3},"OOP-Pillars-Inheritance":{"id":"OOP-Pillars-Inheritance","title":"OOP Principles: Inheritance","url":"oop-pillars-inheritance.html","level":2,"parentId":"Object-Oriented-Programing","tabIndex":4},"OOP-Pillars-Abstraction":{"id":"OOP-Pillars-Abstraction","title":"OOP Principles: Abstraction","url":"oop-pillars-abstraction.html","level":2,"parentId":"Object-Oriented-Programing","tabIndex":5},"Application-Development-Process":{"id":"Application-Development-Process","title":"Application Development Process","url":"application-development-process.html","level":2,"parentId":"Object-Oriented-Programing","tabIndex":6},"Interface-in-C":{"id":"Interface-in-C","title":"Interface in C#","url":"interface-in-c.html","level":2,"parentId":"Object-Oriented-Programing","tabIndex":7},"OOP-Principles-Polymorphism":{"id":"OOP-Principles-Polymorphism","title":"OOP Principles: Polymorphism","url":"oop-principles-polymorphism.html","level":2,"parentId":"Object-Oriented-Programing","pages":["Method-Overloading","Method-Overriding","Method-Hiding"],"tabIndex":8},"Method-Overloading":{"id":"Method-Overloading","title":"Method Overloading","url":"method-overloading.html","level":3,"parentId":"OOP-Principles-Polymorphism","tabIndex":0},"Method-Overriding":{"id":"Method-Overriding","title":"Method Overriding","url":"method-overriding.html","level":3,"parentId":"OOP-Principles-Polymorphism","tabIndex":1},"Method-Hiding":{"id":"Method-Hiding","title":"Method Hiding","url":"method-hiding.html","level":3,"parentId":"OOP-Principles-Polymorphism","tabIndex":2},"OOP-Real-Time-Examples":{"id":"OOP-Real-Time-Examples","title":"OOP Real-Time Examples","url":"oop-real-time-examples.html","level":2,"parentId":"Object-Oriented-Programing","tabIndex":9},"OOP-Real-Time-Exercise-Schenarios":{"id":"OOP-Real-Time-Exercise-Schenarios","title":"OOP Real-Time Exercise Schenarios","url":"oop-real-time-exercise-schenarios.html","level":2,"parentId":"Object-Oriented-Programing","tabIndex":10},"Exception-Handling":{"id":"Exception-Handling","title":"Exception Handling","url":"exception-handling.html","level":1,"parentId":"C","pages":["Custom-Exceptions"],"tabIndex":3},"Custom-Exceptions":{"id":"Custom-Exceptions","title":"Custom Exceptions","url":"custom-exceptions.html","level":2,"parentId":"Exception-Handling","tabIndex":0},"Collections-in-C":{"id":"Collections-in-C","title":"Collections in C#","url":"collections-in-c.html","level":1,"parentId":"C","pages":["Array","ArrayList","Hashtable"],"tabIndex":4},"Array":{"id":"Array","title":"Array","url":"array.html","level":2,"parentId":"Collections-in-C","tabIndex":0},"ArrayList":{"id":"ArrayList","title":"ArrayList","url":"arraylist.html","level":2,"parentId":"Collections-in-C","tabIndex":1},"Hashtable":{"id":"Hashtable","title":"Hashtable","url":"hashtable.html","level":2,"parentId":"Collections-in-C","tabIndex":2},"Generic-Collections":{"id":"Generic-Collections","title":"Generic Collections","url":"generic-collections.html","level":1,"parentId":"C","pages":["List-T","HashSet-T","SortedSet-T","Stack-T"],"tabIndex":5},"List-T":{"id":"List-T","title":"List\u003cT\u003e","url":"list-t.html","level":2,"parentId":"Generic-Collections","tabIndex":0},"HashSet-T":{"id":"HashSet-T","title":"HashSet\u003cT\u003e","url":"hashset-t.html","level":2,"parentId":"Generic-Collections","tabIndex":1},"SortedSet-T":{"id":"SortedSet-T","title":"SortedSet\u003cT\u003e","url":"sortedset-t.html","level":2,"parentId":"Generic-Collections","tabIndex":2},"Stack-T":{"id":"Stack-T","title":"Stack\u003cT\u003e","url":"stack-t.html","level":2,"parentId":"Generic-Collections","tabIndex":3},"File-Handling":{"id":"File-Handling","title":"File Handling","url":"file-handling.html","level":1,"parentId":"C","pages":["FileStream-Class","StreamReader-StreamWriter","File-Class","FileInfo-Class","DirectoryInfor-Class"],"tabIndex":6},"FileStream-Class":{"id":"FileStream-Class","title":"FileStream Class","url":"filestream-class.html","level":2,"parentId":"File-Handling","tabIndex":0},"StreamReader-StreamWriter":{"id":"StreamReader-StreamWriter","title":"StreamReader \u0026 StreamWriter","url":"streamreader-streamwriter.html","level":2,"parentId":"File-Handling","tabIndex":1},"File-Class":{"id":"File-Class","title":"File Class","url":"file-class.html","level":2,"parentId":"File-Handling","tabIndex":2},"FileInfo-Class":{"id":"FileInfo-Class","title":"FileInfo Class","url":"fileinfo-class.html","level":2,"parentId":"File-Handling","tabIndex":3},"DirectoryInfor-Class":{"id":"DirectoryInfor-Class","title":"DirectoryInfo Class","url":"directoryinfor-class.html","level":2,"parentId":"File-Handling","tabIndex":4},"Asynchronous-Programming":{"id":"Asynchronous-Programming","title":"Asynchronous Programming","url":"asynchronous-programming.html","level":1,"parentId":"C","tabIndex":7},"AutoMapper":{"id":"AutoMapper","title":"AutoMapper","url":"automapper.html","level":1,"parentId":"C","tabIndex":8},"Lambda-Expressions":{"id":"Lambda-Expressions","title":"Lambda Expressions","url":"lambda-expressions.html","level":1,"parentId":"C","tabIndex":9},"LINQ":{"id":"LINQ","title":"LINQ","url":"linq.html","level":1,"parentId":"C","pages":["IEnumerable-and-IQueryable-in-C","Empty-MD-Topic","IQueryable-Workshop"],"tabIndex":10},"IEnumerable-and-IQueryable-in-C":{"id":"IEnumerable-and-IQueryable-in-C","title":"IEnumerable and IQueryable in C#","url":"ienumerable-and-iqueryable-in-c.html","level":2,"parentId":"LINQ","tabIndex":0},"Empty-MD-Topic":{"id":"Empty-MD-Topic","title":"Fluent API in LINQ","url":"empty-md-topic.html","level":2,"parentId":"LINQ","tabIndex":1},"IQueryable-Workshop":{"id":"IQueryable-Workshop","title":"IQueryable Workshop","url":"iqueryable-workshop.html","level":2,"parentId":"LINQ","tabIndex":2},"Entity-Framework":{"id":"Entity-Framework","title":"Entity Framework","url":"entity-framework.html","level":0,"pages":["Entity-Framework-Architecture","DbContext-in-EF","Entities-in-Entity-Framework","Entity-States-in-Entity-Framework","Development-Approach-with-Entity-Framework"],"tabIndex":1},"Entity-Framework-Architecture":{"id":"Entity-Framework-Architecture","title":"Entity Framework Architecture","url":"entity-framework-architecture.html","level":1,"parentId":"Entity-Framework","tabIndex":0},"DbContext-in-EF":{"id":"DbContext-in-EF","title":"DbContext in EF","url":"dbcontext-in-ef.html","level":1,"parentId":"Entity-Framework","tabIndex":1},"Entities-in-Entity-Framework":{"id":"Entities-in-Entity-Framework","title":"Entities in Entity Framework","url":"entities-in-entity-framework.html","level":1,"parentId":"Entity-Framework","tabIndex":2},"Entity-States-in-Entity-Framework":{"id":"Entity-States-in-Entity-Framework","title":"Entity States in Entity Framework","url":"entity-states-in-entity-framework.html","level":1,"parentId":"Entity-Framework","tabIndex":3},"Development-Approach-with-Entity-Framework":{"id":"Development-Approach-with-Entity-Framework","title":"Development Approach with Entity Framework","url":"development-approach-with-entity-framework.html","level":1,"parentId":"Entity-Framework","pages":["Entity-Framework-Code-First-Approach"],"tabIndex":4},"Entity-Framework-Code-First-Approach":{"id":"Entity-Framework-Code-First-Approach","title":"Entity Framework Code First Approach","url":"entity-framework-code-first-approach.html","level":2,"parentId":"Development-Approach-with-Entity-Framework","pages":["Default-Code-First-Conventions-in-Entity-Framework","Configure-Domain-Classes-in-Entity-Framework","Data-Annotation-Attributes-in-Entity-Framework-Code-First","Table-Data-Annotation-Attribute-in-Entity-Framework","Column-Data-Annotation-Attribute-in-Entity-Framework","Key-Attribute-in-Entity-Framework","ForeignKey-Attribute-in-Entity-Framework","Index-Attribute-in-Entity-Framework","Relationships-in-EF","EF-Core-CLI-Database-Commands"],"tabIndex":0},"Default-Code-First-Conventions-in-Entity-Framework":{"id":"Default-Code-First-Conventions-in-Entity-Framework","title":"Default Code-First Conventions in Entity Framework","url":"default-code-first-conventions-in-entity-framework.html","level":3,"parentId":"Entity-Framework-Code-First-Approach","tabIndex":0},"Configure-Domain-Classes-in-Entity-Framework":{"id":"Configure-Domain-Classes-in-Entity-Framework","title":"Configure Domain Classes in Entity Framework","url":"configure-domain-classes-in-entity-framework.html","level":3,"parentId":"Entity-Framework-Code-First-Approach","tabIndex":1},"Data-Annotation-Attributes-in-Entity-Framework-Code-First":{"id":"Data-Annotation-Attributes-in-Entity-Framework-Code-First","title":"Data Annotation Attributes in Entity Framework Code-First","url":"data-annotation-attributes-in-entity-framework-code-first.html","level":3,"parentId":"Entity-Framework-Code-First-Approach","tabIndex":2},"Table-Data-Annotation-Attribute-in-Entity-Framework":{"id":"Table-Data-Annotation-Attribute-in-Entity-Framework","title":"Table Data Annotation Attribute in Entity Framework","url":"table-data-annotation-attribute-in-entity-framework.html","level":3,"parentId":"Entity-Framework-Code-First-Approach","tabIndex":3},"Column-Data-Annotation-Attribute-in-Entity-Framework":{"id":"Column-Data-Annotation-Attribute-in-Entity-Framework","title":"Column Data Annotation Attribute in Entity Framework","url":"column-data-annotation-attribute-in-entity-framework.html","level":3,"parentId":"Entity-Framework-Code-First-Approach","tabIndex":4},"Key-Attribute-in-Entity-Framework":{"id":"Key-Attribute-in-Entity-Framework","title":"Key Attribute in Entity Framework","url":"key-attribute-in-entity-framework.html","level":3,"parentId":"Entity-Framework-Code-First-Approach","tabIndex":5},"ForeignKey-Attribute-in-Entity-Framework":{"id":"ForeignKey-Attribute-in-Entity-Framework","title":"ForeignKey Attribute in Entity Framework","url":"foreignkey-attribute-in-entity-framework.html","level":3,"parentId":"Entity-Framework-Code-First-Approach","tabIndex":6},"Index-Attribute-in-Entity-Framework":{"id":"Index-Attribute-in-Entity-Framework","title":"Index Attribute in Entity Framework","url":"index-attribute-in-entity-framework.html","level":3,"parentId":"Entity-Framework-Code-First-Approach","tabIndex":7},"Relationships-in-EF":{"id":"Relationships-in-EF","title":"Relationships in EF","url":"relationships-in-ef.html","level":3,"parentId":"Entity-Framework-Code-First-Approach","tabIndex":8},"EF-Core-CLI-Database-Commands":{"id":"EF-Core-CLI-Database-Commands","title":"EF Core CLI Database Commands","url":"ef-core-cli-database-commands.html","level":3,"parentId":"Entity-Framework-Code-First-Approach","tabIndex":9},"ASP-NET-Core":{"id":"ASP-NET-Core","title":"ASP.NET Core","url":"asp-net-core.html","level":0,"pages":["Introduction-Env-Setup","Core-Basics","ASP-NET-Web-API","Minimal-API-–-ASP-NET-Core","Microservices-in-ASP-NET-Core"],"tabIndex":2},"Introduction-Env-Setup":{"id":"Introduction-Env-Setup","title":"Introduction \u0026 Env Setup","url":"introduction-env-setup.html","level":1,"parentId":"ASP-NET-Core","tabIndex":0},"Core-Basics":{"id":"Core-Basics","title":"Core Basics","url":"core-basics.html","level":1,"parentId":"ASP-NET-Core","tabIndex":1},"ASP-NET-Web-API":{"id":"ASP-NET-Web-API","title":"ASP.NET Web API","url":"asp-net-web-api.html","level":1,"parentId":"ASP-NET-Core","pages":["Basics","ASP-NET-Core-Web-API-–-Basics","Controllers-in-ASP-NET-Core-Web-API","Models-in-ASP-NET-Core-Web-API","Controllers-Models-Workshop-CRUD-without-dbs","Services-in-ASP-NET-Core-Web-API","Dependency-Injection-in-ASP-NET-Core-Web-API","DI-Singleton-vs-Scoped-vs-Transient-in-ASP-NET-Core-Web-API","Workshop-DI-in-ShoppingCart-API","Swagger-API-in-ASP-NET-Core-Web-API","Routing","Return-Types-and-Status-Codes","Model-Binding","Entity-Framework-Core","Automapper-in-ASP-NET","HTTP-Methods-in-ASP-NET-Core-Web-API","Logging-–-ASP-NET-Core-Web-API","Caching-–-ASP-NET-Core-Web-API","Fluent-Validations-–-ASP-NET-Core-Web-API","Filters-–-ASP-NET-Core-Web-API","Security-–-ASP-NET-Core-Web-API","JWT-–-ASP-NET-Core-Web-API","API-Versioning-in-ASP-NET-Core","Repository-Pattern-in-ASP-NET-Core-Web-API","Unit-Testing-–-ASP-NET-Core-Web-API"],"tabIndex":2},"Basics":{"id":"Basics","title":"Basics of Web APIs","url":"basics.html","level":2,"parentId":"ASP-NET-Web-API","tabIndex":0},"ASP-NET-Core-Web-API-–-Basics":{"id":"ASP-NET-Core-Web-API-–-Basics","title":"ASP.NET Core Web API – Basics","url":"asp-net-core-web-api-basics.html","level":2,"parentId":"ASP-NET-Web-API","tabIndex":1},"Controllers-in-ASP-NET-Core-Web-API":{"id":"Controllers-in-ASP-NET-Core-Web-API","title":"Controllers in ASP.NET Core Web API","url":"controllers-in-asp-net-core-web-api.html","level":2,"parentId":"ASP-NET-Web-API","tabIndex":2},"Models-in-ASP-NET-Core-Web-API":{"id":"Models-in-ASP-NET-Core-Web-API","title":"Models in ASP.NET Core Web API","url":"models-in-asp-net-core-web-api.html","level":2,"parentId":"ASP-NET-Web-API","tabIndex":3},"Controllers-Models-Workshop-CRUD-without-dbs":{"id":"Controllers-Models-Workshop-CRUD-without-dbs","title":"[Workshop] Controllers \u0026 Models  : CRUD without dbs","url":"controllers-models-workshop-crud-without-dbs.html","level":2,"parentId":"ASP-NET-Web-API","tabIndex":4},"Services-in-ASP-NET-Core-Web-API":{"id":"Services-in-ASP-NET-Core-Web-API","title":"Services in ASP.NET Core Web API","url":"services-in-asp-net-core-web-api.html","level":2,"parentId":"ASP-NET-Web-API","tabIndex":5},"Dependency-Injection-in-ASP-NET-Core-Web-API":{"id":"Dependency-Injection-in-ASP-NET-Core-Web-API","title":"Dependency Injection in ASP.NET Core Web API","url":"dependency-injection-in-asp-net-core-web-api.html","level":2,"parentId":"ASP-NET-Web-API","tabIndex":6},"DI-Singleton-vs-Scoped-vs-Transient-in-ASP-NET-Core-Web-API":{"id":"DI-Singleton-vs-Scoped-vs-Transient-in-ASP-NET-Core-Web-API","title":"DI : Singleton vs Scoped vs Transient in ASP.NET Core Web API","url":"di-singleton-vs-scoped-vs-transient-in-asp-net-core-web-api.html","level":2,"parentId":"ASP-NET-Web-API","tabIndex":7},"Workshop-DI-in-ShoppingCart-API":{"id":"Workshop-DI-in-ShoppingCart-API","title":"[Workshop] DI in ShoppingCart API","url":"workshop-di-in-shoppingcart-api.html","level":2,"parentId":"ASP-NET-Web-API","tabIndex":8},"Swagger-API-in-ASP-NET-Core-Web-API":{"id":"Swagger-API-in-ASP-NET-Core-Web-API","title":"Swagger API in ASP.NET Core Web API","url":"swagger-api-in-asp-net-core-web-api.html","level":2,"parentId":"ASP-NET-Web-API","tabIndex":9},"Routing":{"id":"Routing","title":"Routing","url":"routing.html","level":2,"parentId":"ASP-NET-Web-API","tabIndex":10},"Return-Types-and-Status-Codes":{"id":"Return-Types-and-Status-Codes","title":"Return Types and Status Codes","url":"return-types-and-status-codes.html","level":2,"parentId":"ASP-NET-Web-API","tabIndex":11},"Model-Binding":{"id":"Model-Binding","title":"Model Binding","url":"model-binding.html","level":2,"parentId":"ASP-NET-Web-API","tabIndex":12},"Entity-Framework-Core":{"id":"Entity-Framework-Core","title":"Entity Framework Core","url":"entity-framework-core.html","level":2,"parentId":"ASP-NET-Web-API","tabIndex":13},"Automapper-in-ASP-NET":{"id":"Automapper-in-ASP-NET","title":"Automapper in ASP.NET Core Web API","url":"automapper-in-asp-net.html","level":2,"parentId":"ASP-NET-Web-API","tabIndex":14},"HTTP-Methods-in-ASP-NET-Core-Web-API":{"id":"HTTP-Methods-in-ASP-NET-Core-Web-API","title":"HTTP Methods in ASP.NET Core Web API","url":"http-methods-in-asp-net-core-web-api.html","level":2,"parentId":"ASP-NET-Web-API","tabIndex":15},"Logging-–-ASP-NET-Core-Web-API":{"id":"Logging-–-ASP-NET-Core-Web-API","title":"Logging – ASP.NET Core Web API","url":"logging-asp-net-core-web-api.html","level":2,"parentId":"ASP-NET-Web-API","tabIndex":16},"Caching-–-ASP-NET-Core-Web-API":{"id":"Caching-–-ASP-NET-Core-Web-API","title":"Caching – ASP.NET Core Web API","url":"caching-asp-net-core-web-api.html","level":2,"parentId":"ASP-NET-Web-API","tabIndex":17},"Fluent-Validations-–-ASP-NET-Core-Web-API":{"id":"Fluent-Validations-–-ASP-NET-Core-Web-API","title":"Fluent Validations – ASP.NET Core Web API","url":"fluent-validations-asp-net-core-web-api.html","level":2,"parentId":"ASP-NET-Web-API","tabIndex":18},"Filters-–-ASP-NET-Core-Web-API":{"id":"Filters-–-ASP-NET-Core-Web-API","title":"Filters – ASP.NET Core Web API","url":"filters-asp-net-core-web-api.html","level":2,"parentId":"ASP-NET-Web-API","tabIndex":19},"Security-–-ASP-NET-Core-Web-API":{"id":"Security-–-ASP-NET-Core-Web-API","title":"Security – ASP.NET Core Web API","url":"security-asp-net-core-web-api.html","level":2,"parentId":"ASP-NET-Web-API","tabIndex":20},"JWT-–-ASP-NET-Core-Web-API":{"id":"JWT-–-ASP-NET-Core-Web-API","title":"JWT – ASP.NET Core Web API","url":"jwt-asp-net-core-web-api.html","level":2,"parentId":"ASP-NET-Web-API","tabIndex":21},"API-Versioning-in-ASP-NET-Core":{"id":"API-Versioning-in-ASP-NET-Core","title":"API Versioning in ASP.NET Core","url":"api-versioning-in-asp-net-core.html","level":2,"parentId":"ASP-NET-Web-API","tabIndex":22},"Repository-Pattern-in-ASP-NET-Core-Web-API":{"id":"Repository-Pattern-in-ASP-NET-Core-Web-API","title":"Repository Pattern in ASP.NET Core Web API","url":"repository-pattern-in-asp-net-core-web-api.html","level":2,"parentId":"ASP-NET-Web-API","tabIndex":23},"Unit-Testing-–-ASP-NET-Core-Web-API":{"id":"Unit-Testing-–-ASP-NET-Core-Web-API","title":"Unit Testing – ASP.NET Core Web API","url":"unit-testing-asp-net-core-web-api.html","level":2,"parentId":"ASP-NET-Web-API","tabIndex":24},"Minimal-API-–-ASP-NET-Core":{"id":"Minimal-API-–-ASP-NET-Core","title":"Minimal API – ASP.NET Core","url":"minimal-api-asp-net-core.html","level":1,"parentId":"ASP-NET-Core","tabIndex":3},"Microservices-in-ASP-NET-Core":{"id":"Microservices-in-ASP-NET-Core","title":"Microservices in ASP.NET Core","url":"microservices-in-asp-net-core.html","level":1,"parentId":"ASP-NET-Core","tabIndex":4},"SQL-Server":{"id":"SQL-Server","title":"SQL Server","url":"sql-server.html","level":0,"tabIndex":3}}},"topLevelIds":["C","Entity-Framework","ASP-NET-Core","SQL-Server"]}